EvalName,activation,buffer_n,h_size,layers,lookahead,map_name,max_steps,n_beams,plan_steps,range_finder_scale,reward,s_mul,test_n,time_step,train_n,v_gain,name,no_obs_time,avg_times,std_dev,success_rate,test_number
TrainingSteps,relu,1000,200,2,0.8,forest2,5000,10,10,5,progress,1,100,0.01,40000,0.5,Sap_TrainingSteps_40000_1,436.0,559.0930232558139,80.79886424296413,86.0,1
TrainingSteps,relu,1000,200,2,0.8,forest2,5000,10,10,5,progress,1,100,0.01,20000,0.5,Sap_TrainingSteps_20000_1,377.0,469.70454545454544,68.92554597846689,88.0,1
TrainingSteps,relu,1000,200,2,0.8,forest2,5000,10,10,5,progress,1,100,0.01,10000,0.5,Sap_TrainingSteps_10000_1,374.0,485.75280898876406,51.62816078935608,89.0,1
TrainingSteps,relu,1000,200,2,0.8,forest2,5000,10,10,5,progress,1,100,0.01,120000,0.5,Sap_TrainingSteps_120000_1,395.0,450.8,50.6728376015024,85.0,1
TrainingSteps,relu,1000,200,2,0.8,forest2,5000,10,10,5,progress,1,100,0.01,5000,0.5,Sap_TrainingSteps_5000_1,1039.0,1085.6133333333332,108.50399603496433,75.0,1
TrainingSteps,relu,1000,200,2,0.8,forest2,5000,10,10,5,progress,1,100,0.01,80000,0.5,Sap_TrainingSteps_80000_1,381.0,423.9111111111111,32.85714684456689,90.0,1
