#,Name,%Complete,AvgTime,Std,NoObs
0,SapForestDist_3,92.0,424.10869565217394,30.57259945488953,373.0
1,SapForestVel_3,96.0,1310.3125,110.30944282826985,1359.0
2,SapForestSteer_3,88.0,544.6590909090909,73.56519779383646,410.0
